a0054_eidx.npy,a0054_histo32.npy,a0054_labels.npy,a0054_medrgb_x.npy,a0054_medseg_gt.npy,a0054_medseg_x.npy,a0054_rgb_gt.npy,a0054_rgb_x.npy,a0054_segvec.npy,a0054_stdrgb_x.npy
a0058_eidx.npy,a0058_histo32.npy,a0058_labels.npy,a0058_medrgb_x.npy,a0058_medseg_gt.npy,a0058_medseg_x.npy,a0058_rgb_gt.npy,a0058_rgb_x.npy,a0058_segvec.npy,a0058_stdrgb_x.npy
a0070_eidx.npy,a0070_histo32.npy,a0070_labels.npy,a0070_medrgb_x.npy,a0070_medseg_gt.npy,a0070_medseg_x.npy,a0070_rgb_gt.npy,a0070_rgb_x.npy,a0070_segvec.npy,a0070_stdrgb_x.npy
a0084_eidx.npy,a0084_histo32.npy,a0084_labels.npy,a0084_medrgb_x.npy,a0084_medseg_gt.npy,a0084_medseg_x.npy,a0084_rgb_gt.npy,a0084_rgb_x.npy,a0084_segvec.npy,a0084_stdrgb_x.npy
a0112_eidx.npy,a0112_histo32.npy,a0112_labels.npy,a0112_medrgb_x.npy,a0112_medseg_gt.npy,a0112_medseg_x.npy,a0112_rgb_gt.npy,a0112_rgb_x.npy,a0112_segvec.npy,a0112_stdrgb_x.npy
a0137_eidx.npy,a0137_histo32.npy,a0137_labels.npy,a0137_medrgb_x.npy,a0137_medseg_gt.npy,a0137_medseg_x.npy,a0137_rgb_gt.npy,a0137_rgb_x.npy,a0137_segvec.npy,a0137_stdrgb_x.npy
a0167_eidx.npy,a0167_histo32.npy,a0167_labels.npy,a0167_medrgb_x.npy,a0167_medseg_gt.npy,a0167_medseg_x.npy,a0167_rgb_gt.npy,a0167_rgb_x.npy,a0167_segvec.npy,a0167_stdrgb_x.npy
a0265_eidx.npy,a0265_histo32.npy,a0265_labels.npy,a0265_medrgb_x.npy,a0265_medseg_gt.npy,a0265_medseg_x.npy,a0265_rgb_gt.npy,a0265_rgb_x.npy,a0265_segvec.npy,a0265_stdrgb_x.npy
a0298_eidx.npy,a0298_histo32.npy,a0298_labels.npy,a0298_medrgb_x.npy,a0298_medseg_gt.npy,a0298_medseg_x.npy,a0298_rgb_gt.npy,a0298_rgb_x.npy,a0298_segvec.npy,a0298_stdrgb_x.npy
a0341_eidx.npy,a0341_histo32.npy,a0341_labels.npy,a0341_medrgb_x.npy,a0341_medseg_gt.npy,a0341_medseg_x.npy,a0341_rgb_gt.npy,a0341_rgb_x.npy,a0341_segvec.npy,a0341_stdrgb_x.npy
a0411_eidx.npy,a0411_histo32.npy,a0411_labels.npy,a0411_medrgb_x.npy,a0411_medseg_gt.npy,a0411_medseg_x.npy,a0411_rgb_gt.npy,a0411_rgb_x.npy,a0411_segvec.npy,a0411_stdrgb_x.npy
a0428_eidx.npy,a0428_histo32.npy,a0428_labels.npy,a0428_medrgb_x.npy,a0428_medseg_gt.npy,a0428_medseg_x.npy,a0428_rgb_gt.npy,a0428_rgb_x.npy,a0428_segvec.npy,a0428_stdrgb_x.npy
a0454_eidx.npy,a0454_histo32.npy,a0454_labels.npy,a0454_medrgb_x.npy,a0454_medseg_gt.npy,a0454_medseg_x.npy,a0454_rgb_gt.npy,a0454_rgb_x.npy,a0454_segvec.npy,a0454_stdrgb_x.npy
a0458_eidx.npy,a0458_histo32.npy,a0458_labels.npy,a0458_medrgb_x.npy,a0458_medseg_gt.npy,a0458_medseg_x.npy,a0458_rgb_gt.npy,a0458_rgb_x.npy,a0458_segvec.npy,a0458_stdrgb_x.npy
a0481_eidx.npy,a0481_histo32.npy,a0481_labels.npy,a0481_medrgb_x.npy,a0481_medseg_gt.npy,a0481_medseg_x.npy,a0481_rgb_gt.npy,a0481_rgb_x.npy,a0481_segvec.npy,a0481_stdrgb_x.npy
a0484_eidx.npy,a0484_histo32.npy,a0484_labels.npy,a0484_medrgb_x.npy,a0484_medseg_gt.npy,a0484_medseg_x.npy,a0484_rgb_gt.npy,a0484_rgb_x.npy,a0484_segvec.npy,a0484_stdrgb_x.npy
a0526_eidx.npy,a0526_histo32.npy,a0526_labels.npy,a0526_medrgb_x.npy,a0526_medseg_gt.npy,a0526_medseg_x.npy,a0526_rgb_gt.npy,a0526_rgb_x.npy,a0526_segvec.npy,a0526_stdrgb_x.npy
a0530_eidx.npy,a0530_histo32.npy,a0530_labels.npy,a0530_medrgb_x.npy,a0530_medseg_gt.npy,a0530_medseg_x.npy,a0530_rgb_gt.npy,a0530_rgb_x.npy,a0530_segvec.npy,a0530_stdrgb_x.npy
a0545_eidx.npy,a0545_histo32.npy,a0545_labels.npy,a0545_medrgb_x.npy,a0545_medseg_gt.npy,a0545_medseg_x.npy,a0545_rgb_gt.npy,a0545_rgb_x.npy,a0545_segvec.npy,a0545_stdrgb_x.npy
a0550_eidx.npy,a0550_histo32.npy,a0550_labels.npy,a0550_medrgb_x.npy,a0550_medseg_gt.npy,a0550_medseg_x.npy,a0550_rgb_gt.npy,a0550_rgb_x.npy,a0550_segvec.npy,a0550_stdrgb_x.npy
a0571_eidx.npy,a0571_histo32.npy,a0571_labels.npy,a0571_medrgb_x.npy,a0571_medseg_gt.npy,a0571_medseg_x.npy,a0571_rgb_gt.npy,a0571_rgb_x.npy,a0571_segvec.npy,a0571_stdrgb_x.npy
a0609_eidx.npy,a0609_histo32.npy,a0609_labels.npy,a0609_medrgb_x.npy,a0609_medseg_gt.npy,a0609_medseg_x.npy,a0609_rgb_gt.npy,a0609_rgb_x.npy,a0609_segvec.npy,a0609_stdrgb_x.npy
a0650_eidx.npy,a0650_histo32.npy,a0650_labels.npy,a0650_medrgb_x.npy,a0650_medseg_gt.npy,a0650_medseg_x.npy,a0650_rgb_gt.npy,a0650_rgb_x.npy,a0650_segvec.npy,a0650_stdrgb_x.npy
a0659_eidx.npy,a0659_histo32.npy,a0659_labels.npy,a0659_medrgb_x.npy,a0659_medseg_gt.npy,a0659_medseg_x.npy,a0659_rgb_gt.npy,a0659_rgb_x.npy,a0659_segvec.npy,a0659_stdrgb_x.npy
a0695_eidx.npy,a0695_histo32.npy,a0695_labels.npy,a0695_medrgb_x.npy,a0695_medseg_gt.npy,a0695_medseg_x.npy,a0695_rgb_gt.npy,a0695_rgb_x.npy,a0695_segvec.npy,a0695_stdrgb_x.npy
a0697_eidx.npy,a0697_histo32.npy,a0697_labels.npy,a0697_medrgb_x.npy,a0697_medseg_gt.npy,a0697_medseg_x.npy,a0697_rgb_gt.npy,a0697_rgb_x.npy,a0697_segvec.npy,a0697_stdrgb_x.npy
a0743_eidx.npy,a0743_histo32.npy,a0743_labels.npy,a0743_medrgb_x.npy,a0743_medseg_gt.npy,a0743_medseg_x.npy,a0743_rgb_gt.npy,a0743_rgb_x.npy,a0743_segvec.npy,a0743_stdrgb_x.npy
a0841_eidx.npy,a0841_histo32.npy,a0841_labels.npy,a0841_medrgb_x.npy,a0841_medseg_gt.npy,a0841_medseg_x.npy,a0841_rgb_gt.npy,a0841_rgb_x.npy,a0841_segvec.npy,a0841_stdrgb_x.npy
a0842_eidx.npy,a0842_histo32.npy,a0842_labels.npy,a0842_medrgb_x.npy,a0842_medseg_gt.npy,a0842_medseg_x.npy,a0842_rgb_gt.npy,a0842_rgb_x.npy,a0842_segvec.npy,a0842_stdrgb_x.npy
a0860_eidx.npy,a0860_histo32.npy,a0860_labels.npy,a0860_medrgb_x.npy,a0860_medseg_gt.npy,a0860_medseg_x.npy,a0860_rgb_gt.npy,a0860_rgb_x.npy,a0860_segvec.npy,a0860_stdrgb_x.npy
a0883_eidx.npy,a0883_histo32.npy,a0883_labels.npy,a0883_medrgb_x.npy,a0883_medseg_gt.npy,a0883_medseg_x.npy,a0883_rgb_gt.npy,a0883_rgb_x.npy,a0883_segvec.npy,a0883_stdrgb_x.npy
a0889_eidx.npy,a0889_histo32.npy,a0889_labels.npy,a0889_medrgb_x.npy,a0889_medseg_gt.npy,a0889_medseg_x.npy,a0889_rgb_gt.npy,a0889_rgb_x.npy,a0889_segvec.npy,a0889_stdrgb_x.npy
a0907_eidx.npy,a0907_histo32.npy,a0907_labels.npy,a0907_medrgb_x.npy,a0907_medseg_gt.npy,a0907_medseg_x.npy,a0907_rgb_gt.npy,a0907_rgb_x.npy,a0907_segvec.npy,a0907_stdrgb_x.npy
a0947_eidx.npy,a0947_histo32.npy,a0947_labels.npy,a0947_medrgb_x.npy,a0947_medseg_gt.npy,a0947_medseg_x.npy,a0947_rgb_gt.npy,a0947_rgb_x.npy,a0947_segvec.npy,a0947_stdrgb_x.npy
a0960_eidx.npy,a0960_histo32.npy,a0960_labels.npy,a0960_medrgb_x.npy,a0960_medseg_gt.npy,a0960_medseg_x.npy,a0960_rgb_gt.npy,a0960_rgb_x.npy,a0960_segvec.npy,a0960_stdrgb_x.npy
a1022_eidx.npy,a1022_histo32.npy,a1022_labels.npy,a1022_medrgb_x.npy,a1022_medseg_gt.npy,a1022_medseg_x.npy,a1022_rgb_gt.npy,a1022_rgb_x.npy,a1022_segvec.npy,a1022_stdrgb_x.npy
a1085_eidx.npy,a1085_histo32.npy,a1085_labels.npy,a1085_medrgb_x.npy,a1085_medseg_gt.npy,a1085_medseg_x.npy,a1085_rgb_gt.npy,a1085_rgb_x.npy,a1085_segvec.npy,a1085_stdrgb_x.npy
a1131_eidx.npy,a1131_histo32.npy,a1131_labels.npy,a1131_medrgb_x.npy,a1131_medseg_gt.npy,a1131_medseg_x.npy,a1131_rgb_gt.npy,a1131_rgb_x.npy,a1131_segvec.npy,a1131_stdrgb_x.npy
a1142_eidx.npy,a1142_histo32.npy,a1142_labels.npy,a1142_medrgb_x.npy,a1142_medseg_gt.npy,a1142_medseg_x.npy,a1142_rgb_gt.npy,a1142_rgb_x.npy,a1142_segvec.npy,a1142_stdrgb_x.npy
a1203_eidx.npy,a1203_histo32.npy,a1203_labels.npy,a1203_medrgb_x.npy,a1203_medseg_gt.npy,a1203_medseg_x.npy,a1203_rgb_gt.npy,a1203_rgb_x.npy,a1203_segvec.npy,a1203_stdrgb_x.npy
a1228_eidx.npy,a1228_histo32.npy,a1228_labels.npy,a1228_medrgb_x.npy,a1228_medseg_gt.npy,a1228_medseg_x.npy,a1228_rgb_gt.npy,a1228_rgb_x.npy,a1228_segvec.npy,a1228_stdrgb_x.npy
a1229_eidx.npy,a1229_histo32.npy,a1229_labels.npy,a1229_medrgb_x.npy,a1229_medseg_gt.npy,a1229_medseg_x.npy,a1229_rgb_gt.npy,a1229_rgb_x.npy,a1229_segvec.npy,a1229_stdrgb_x.npy
a1237_eidx.npy,a1237_histo32.npy,a1237_labels.npy,a1237_medrgb_x.npy,a1237_medseg_gt.npy,a1237_medseg_x.npy,a1237_rgb_gt.npy,a1237_rgb_x.npy,a1237_segvec.npy,a1237_stdrgb_x.npy
a1248_eidx.npy,a1248_histo32.npy,a1248_labels.npy,a1248_medrgb_x.npy,a1248_medseg_gt.npy,a1248_medseg_x.npy,a1248_rgb_gt.npy,a1248_rgb_x.npy,a1248_segvec.npy,a1248_stdrgb_x.npy
a1260_eidx.npy,a1260_histo32.npy,a1260_labels.npy,a1260_medrgb_x.npy,a1260_medseg_gt.npy,a1260_medseg_x.npy,a1260_rgb_gt.npy,a1260_rgb_x.npy,a1260_segvec.npy,a1260_stdrgb_x.npy
a1289_eidx.npy,a1289_histo32.npy,a1289_labels.npy,a1289_medrgb_x.npy,a1289_medseg_gt.npy,a1289_medseg_x.npy,a1289_rgb_gt.npy,a1289_rgb_x.npy,a1289_segvec.npy,a1289_stdrgb_x.npy
a1362_eidx.npy,a1362_histo32.npy,a1362_labels.npy,a1362_medrgb_x.npy,a1362_medseg_gt.npy,a1362_medseg_x.npy,a1362_rgb_gt.npy,a1362_rgb_x.npy,a1362_segvec.npy,a1362_stdrgb_x.npy
a1389_eidx.npy,a1389_histo32.npy,a1389_labels.npy,a1389_medrgb_x.npy,a1389_medseg_gt.npy,a1389_medseg_x.npy,a1389_rgb_gt.npy,a1389_rgb_x.npy,a1389_segvec.npy,a1389_stdrgb_x.npy
a1397_eidx.npy,a1397_histo32.npy,a1397_labels.npy,a1397_medrgb_x.npy,a1397_medseg_gt.npy,a1397_medseg_x.npy,a1397_rgb_gt.npy,a1397_rgb_x.npy,a1397_segvec.npy,a1397_stdrgb_x.npy
a1407_eidx.npy,a1407_histo32.npy,a1407_labels.npy,a1407_medrgb_x.npy,a1407_medseg_gt.npy,a1407_medseg_x.npy,a1407_rgb_gt.npy,a1407_rgb_x.npy,a1407_segvec.npy,a1407_stdrgb_x.npy
a1429_eidx.npy,a1429_histo32.npy,a1429_labels.npy,a1429_medrgb_x.npy,a1429_medseg_gt.npy,a1429_medseg_x.npy,a1429_rgb_gt.npy,a1429_rgb_x.npy,a1429_segvec.npy,a1429_stdrgb_x.npy
a1458_eidx.npy,a1458_histo32.npy,a1458_labels.npy,a1458_medrgb_x.npy,a1458_medseg_gt.npy,a1458_medseg_x.npy,a1458_rgb_gt.npy,a1458_rgb_x.npy,a1458_segvec.npy,a1458_stdrgb_x.npy
a1470_eidx.npy,a1470_histo32.npy,a1470_labels.npy,a1470_medrgb_x.npy,a1470_medseg_gt.npy,a1470_medseg_x.npy,a1470_rgb_gt.npy,a1470_rgb_x.npy,a1470_segvec.npy,a1470_stdrgb_x.npy
a1486_eidx.npy,a1486_histo32.npy,a1486_labels.npy,a1486_medrgb_x.npy,a1486_medseg_gt.npy,a1486_medseg_x.npy,a1486_rgb_gt.npy,a1486_rgb_x.npy,a1486_segvec.npy,a1486_stdrgb_x.npy
a1538_eidx.npy,a1538_histo32.npy,a1538_labels.npy,a1538_medrgb_x.npy,a1538_medseg_gt.npy,a1538_medseg_x.npy,a1538_rgb_gt.npy,a1538_rgb_x.npy,a1538_segvec.npy,a1538_stdrgb_x.npy
a1622_eidx.npy,a1622_histo32.npy,a1622_labels.npy,a1622_medrgb_x.npy,a1622_medseg_gt.npy,a1622_medseg_x.npy,a1622_rgb_gt.npy,a1622_rgb_x.npy,a1622_segvec.npy,a1622_stdrgb_x.npy
a1696_eidx.npy,a1696_histo32.npy,a1696_labels.npy,a1696_medrgb_x.npy,a1696_medseg_gt.npy,a1696_medseg_x.npy,a1696_rgb_gt.npy,a1696_rgb_x.npy,a1696_segvec.npy,a1696_stdrgb_x.npy
a1871_eidx.npy,a1871_histo32.npy,a1871_labels.npy,a1871_medrgb_x.npy,a1871_medseg_gt.npy,a1871_medseg_x.npy,a1871_rgb_gt.npy,a1871_rgb_x.npy,a1871_segvec.npy,a1871_stdrgb_x.npy
a1906_eidx.npy,a1906_histo32.npy,a1906_labels.npy,a1906_medrgb_x.npy,a1906_medseg_gt.npy,a1906_medseg_x.npy,a1906_rgb_gt.npy,a1906_rgb_x.npy,a1906_segvec.npy,a1906_stdrgb_x.npy
a1912_eidx.npy,a1912_histo32.npy,a1912_labels.npy,a1912_medrgb_x.npy,a1912_medseg_gt.npy,a1912_medseg_x.npy,a1912_rgb_gt.npy,a1912_rgb_x.npy,a1912_segvec.npy,a1912_stdrgb_x.npy
a1915_eidx.npy,a1915_histo32.npy,a1915_labels.npy,a1915_medrgb_x.npy,a1915_medseg_gt.npy,a1915_medseg_x.npy,a1915_rgb_gt.npy,a1915_rgb_x.npy,a1915_segvec.npy,a1915_stdrgb_x.npy
a1928_eidx.npy,a1928_histo32.npy,a1928_labels.npy,a1928_medrgb_x.npy,a1928_medseg_gt.npy,a1928_medseg_x.npy,a1928_rgb_gt.npy,a1928_rgb_x.npy,a1928_segvec.npy,a1928_stdrgb_x.npy
a1933_eidx.npy,a1933_histo32.npy,a1933_labels.npy,a1933_medrgb_x.npy,a1933_medseg_gt.npy,a1933_medseg_x.npy,a1933_rgb_gt.npy,a1933_rgb_x.npy,a1933_segvec.npy,a1933_stdrgb_x.npy
a1946_eidx.npy,a1946_histo32.npy,a1946_labels.npy,a1946_medrgb_x.npy,a1946_medseg_gt.npy,a1946_medseg_x.npy,a1946_rgb_gt.npy,a1946_rgb_x.npy,a1946_segvec.npy,a1946_stdrgb_x.npy
a1994_eidx.npy,a1994_histo32.npy,a1994_labels.npy,a1994_medrgb_x.npy,a1994_medseg_gt.npy,a1994_medseg_x.npy,a1994_rgb_gt.npy,a1994_rgb_x.npy,a1994_segvec.npy,a1994_stdrgb_x.npy
a2033_eidx.npy,a2033_histo32.npy,a2033_labels.npy,a2033_medrgb_x.npy,a2033_medseg_gt.npy,a2033_medseg_x.npy,a2033_rgb_gt.npy,a2033_rgb_x.npy,a2033_segvec.npy,a2033_stdrgb_x.npy
a2060_eidx.npy,a2060_histo32.npy,a2060_labels.npy,a2060_medrgb_x.npy,a2060_medseg_gt.npy,a2060_medseg_x.npy,a2060_rgb_gt.npy,a2060_rgb_x.npy,a2060_segvec.npy,a2060_stdrgb_x.npy
a2117_eidx.npy,a2117_histo32.npy,a2117_labels.npy,a2117_medrgb_x.npy,a2117_medseg_gt.npy,a2117_medseg_x.npy,a2117_rgb_gt.npy,a2117_rgb_x.npy,a2117_segvec.npy,a2117_stdrgb_x.npy
a2134_eidx.npy,a2134_histo32.npy,a2134_labels.npy,a2134_medrgb_x.npy,a2134_medseg_gt.npy,a2134_medseg_x.npy,a2134_rgb_gt.npy,a2134_rgb_x.npy,a2134_segvec.npy,a2134_stdrgb_x.npy
a2150_eidx.npy,a2150_histo32.npy,a2150_labels.npy,a2150_medrgb_x.npy,a2150_medseg_gt.npy,a2150_medseg_x.npy,a2150_rgb_gt.npy,a2150_rgb_x.npy,a2150_segvec.npy,a2150_stdrgb_x.npy
a2193_eidx.npy,a2193_histo32.npy,a2193_labels.npy,a2193_medrgb_x.npy,a2193_medseg_gt.npy,a2193_medseg_x.npy,a2193_rgb_gt.npy,a2193_rgb_x.npy,a2193_segvec.npy,a2193_stdrgb_x.npy
a2221_eidx.npy,a2221_histo32.npy,a2221_labels.npy,a2221_medrgb_x.npy,a2221_medseg_gt.npy,a2221_medseg_x.npy,a2221_rgb_gt.npy,a2221_rgb_x.npy,a2221_segvec.npy,a2221_stdrgb_x.npy
a2238_eidx.npy,a2238_histo32.npy,a2238_labels.npy,a2238_medrgb_x.npy,a2238_medseg_gt.npy,a2238_medseg_x.npy,a2238_rgb_gt.npy,a2238_rgb_x.npy,a2238_segvec.npy,a2238_stdrgb_x.npy
a2243_eidx.npy,a2243_histo32.npy,a2243_labels.npy,a2243_medrgb_x.npy,a2243_medseg_gt.npy,a2243_medseg_x.npy,a2243_rgb_gt.npy,a2243_rgb_x.npy,a2243_segvec.npy,a2243_stdrgb_x.npy
a2255_eidx.npy,a2255_histo32.npy,a2255_labels.npy,a2255_medrgb_x.npy,a2255_medseg_gt.npy,a2255_medseg_x.npy,a2255_rgb_gt.npy,a2255_rgb_x.npy,a2255_segvec.npy,a2255_stdrgb_x.npy
a2293_eidx.npy,a2293_histo32.npy,a2293_labels.npy,a2293_medrgb_x.npy,a2293_medseg_gt.npy,a2293_medseg_x.npy,a2293_rgb_gt.npy,a2293_rgb_x.npy,a2293_segvec.npy,a2293_stdrgb_x.npy
a2296_eidx.npy,a2296_histo32.npy,a2296_labels.npy,a2296_medrgb_x.npy,a2296_medseg_gt.npy,a2296_medseg_x.npy,a2296_rgb_gt.npy,a2296_rgb_x.npy,a2296_segvec.npy,a2296_stdrgb_x.npy
a2336_eidx.npy,a2336_histo32.npy,a2336_labels.npy,a2336_medrgb_x.npy,a2336_medseg_gt.npy,a2336_medseg_x.npy,a2336_rgb_gt.npy,a2336_rgb_x.npy,a2336_segvec.npy,a2336_stdrgb_x.npy
a2341_eidx.npy,a2341_histo32.npy,a2341_labels.npy,a2341_medrgb_x.npy,a2341_medseg_gt.npy,a2341_medseg_x.npy,a2341_rgb_gt.npy,a2341_rgb_x.npy,a2341_segvec.npy,a2341_stdrgb_x.npy
a2358_eidx.npy,a2358_histo32.npy,a2358_labels.npy,a2358_medrgb_x.npy,a2358_medseg_gt.npy,a2358_medseg_x.npy,a2358_rgb_gt.npy,a2358_rgb_x.npy,a2358_segvec.npy,a2358_stdrgb_x.npy
a2404_eidx.npy,a2404_histo32.npy,a2404_labels.npy,a2404_medrgb_x.npy,a2404_medseg_gt.npy,a2404_medseg_x.npy,a2404_rgb_gt.npy,a2404_rgb_x.npy,a2404_segvec.npy,a2404_stdrgb_x.npy
a2412_eidx.npy,a2412_histo32.npy,a2412_labels.npy,a2412_medrgb_x.npy,a2412_medseg_gt.npy,a2412_medseg_x.npy,a2412_rgb_gt.npy,a2412_rgb_x.npy,a2412_segvec.npy,a2412_stdrgb_x.npy
a2513_eidx.npy,a2513_histo32.npy,a2513_labels.npy,a2513_medrgb_x.npy,a2513_medseg_gt.npy,a2513_medseg_x.npy,a2513_rgb_gt.npy,a2513_rgb_x.npy,a2513_segvec.npy,a2513_stdrgb_x.npy
a2535_eidx.npy,a2535_histo32.npy,a2535_labels.npy,a2535_medrgb_x.npy,a2535_medseg_gt.npy,a2535_medseg_x.npy,a2535_rgb_gt.npy,a2535_rgb_x.npy,a2535_segvec.npy,a2535_stdrgb_x.npy
a2542_eidx.npy,a2542_histo32.npy,a2542_labels.npy,a2542_medrgb_x.npy,a2542_medseg_gt.npy,a2542_medseg_x.npy,a2542_rgb_gt.npy,a2542_rgb_x.npy,a2542_segvec.npy,a2542_stdrgb_x.npy
a2567_eidx.npy,a2567_histo32.npy,a2567_labels.npy,a2567_medrgb_x.npy,a2567_medseg_gt.npy,a2567_medseg_x.npy,a2567_rgb_gt.npy,a2567_rgb_x.npy,a2567_segvec.npy,a2567_stdrgb_x.npy
a2669_eidx.npy,a2669_histo32.npy,a2669_labels.npy,a2669_medrgb_x.npy,a2669_medseg_gt.npy,a2669_medseg_x.npy,a2669_rgb_gt.npy,a2669_rgb_x.npy,a2669_segvec.npy,a2669_stdrgb_x.npy
a2694_eidx.npy,a2694_histo32.npy,a2694_labels.npy,a2694_medrgb_x.npy,a2694_medseg_gt.npy,a2694_medseg_x.npy,a2694_rgb_gt.npy,a2694_rgb_x.npy,a2694_segvec.npy,a2694_stdrgb_x.npy
a2739_eidx.npy,a2739_histo32.npy,a2739_labels.npy,a2739_medrgb_x.npy,a2739_medseg_gt.npy,a2739_medseg_x.npy,a2739_rgb_gt.npy,a2739_rgb_x.npy,a2739_segvec.npy,a2739_stdrgb_x.npy
a2758_eidx.npy,a2758_histo32.npy,a2758_labels.npy,a2758_medrgb_x.npy,a2758_medseg_gt.npy,a2758_medseg_x.npy,a2758_rgb_gt.npy,a2758_rgb_x.npy,a2758_segvec.npy,a2758_stdrgb_x.npy
a2763_eidx.npy,a2763_histo32.npy,a2763_labels.npy,a2763_medrgb_x.npy,a2763_medseg_gt.npy,a2763_medseg_x.npy,a2763_rgb_gt.npy,a2763_rgb_x.npy,a2763_segvec.npy,a2763_stdrgb_x.npy
a2798_eidx.npy,a2798_histo32.npy,a2798_labels.npy,a2798_medrgb_x.npy,a2798_medseg_gt.npy,a2798_medseg_x.npy,a2798_rgb_gt.npy,a2798_rgb_x.npy,a2798_segvec.npy,a2798_stdrgb_x.npy
a2817_eidx.npy,a2817_histo32.npy,a2817_labels.npy,a2817_medrgb_x.npy,a2817_medseg_gt.npy,a2817_medseg_x.npy,a2817_rgb_gt.npy,a2817_rgb_x.npy,a2817_segvec.npy,a2817_stdrgb_x.npy
a2843_eidx.npy,a2843_histo32.npy,a2843_labels.npy,a2843_medrgb_x.npy,a2843_medseg_gt.npy,a2843_medseg_x.npy,a2843_rgb_gt.npy,a2843_rgb_x.npy,a2843_segvec.npy,a2843_stdrgb_x.npy
a2870_eidx.npy,a2870_histo32.npy,a2870_labels.npy,a2870_medrgb_x.npy,a2870_medseg_gt.npy,a2870_medseg_x.npy,a2870_rgb_gt.npy,a2870_rgb_x.npy,a2870_segvec.npy,a2870_stdrgb_x.npy
a2973_eidx.npy,a2973_histo32.npy,a2973_labels.npy,a2973_medrgb_x.npy,a2973_medseg_gt.npy,a2973_medseg_x.npy,a2973_rgb_gt.npy,a2973_rgb_x.npy,a2973_segvec.npy,a2973_stdrgb_x.npy
a3090_eidx.npy,a3090_histo32.npy,a3090_labels.npy,a3090_medrgb_x.npy,a3090_medseg_gt.npy,a3090_medseg_x.npy,a3090_rgb_gt.npy,a3090_rgb_x.npy,a3090_segvec.npy,a3090_stdrgb_x.npy
a3097_eidx.npy,a3097_histo32.npy,a3097_labels.npy,a3097_medrgb_x.npy,a3097_medseg_gt.npy,a3097_medseg_x.npy,a3097_rgb_gt.npy,a3097_rgb_x.npy,a3097_segvec.npy,a3097_stdrgb_x.npy
a3124_eidx.npy,a3124_histo32.npy,a3124_labels.npy,a3124_medrgb_x.npy,a3124_medseg_gt.npy,a3124_medseg_x.npy,a3124_rgb_gt.npy,a3124_rgb_x.npy,a3124_segvec.npy,a3124_stdrgb_x.npy
a3130_eidx.npy,a3130_histo32.npy,a3130_labels.npy,a3130_medrgb_x.npy,a3130_medseg_gt.npy,a3130_medseg_x.npy,a3130_rgb_gt.npy,a3130_rgb_x.npy,a3130_segvec.npy,a3130_stdrgb_x.npy
a3141_eidx.npy,a3141_histo32.npy,a3141_labels.npy,a3141_medrgb_x.npy,a3141_medseg_gt.npy,a3141_medseg_x.npy,a3141_rgb_gt.npy,a3141_rgb_x.npy,a3141_segvec.npy,a3141_stdrgb_x.npy
a3172_eidx.npy,a3172_histo32.npy,a3172_labels.npy,a3172_medrgb_x.npy,a3172_medseg_gt.npy,a3172_medseg_x.npy,a3172_rgb_gt.npy,a3172_rgb_x.npy,a3172_segvec.npy,a3172_stdrgb_x.npy
a3250_eidx.npy,a3250_histo32.npy,a3250_labels.npy,a3250_medrgb_x.npy,a3250_medseg_gt.npy,a3250_medseg_x.npy,a3250_rgb_gt.npy,a3250_rgb_x.npy,a3250_segvec.npy,a3250_stdrgb_x.npy
a3254_eidx.npy,a3254_histo32.npy,a3254_labels.npy,a3254_medrgb_x.npy,a3254_medseg_gt.npy,a3254_medseg_x.npy,a3254_rgb_gt.npy,a3254_rgb_x.npy,a3254_segvec.npy,a3254_stdrgb_x.npy
a3288_eidx.npy,a3288_histo32.npy,a3288_labels.npy,a3288_medrgb_x.npy,a3288_medseg_gt.npy,a3288_medseg_x.npy,a3288_rgb_gt.npy,a3288_rgb_x.npy,a3288_segvec.npy,a3288_stdrgb_x.npy
a3308_eidx.npy,a3308_histo32.npy,a3308_labels.npy,a3308_medrgb_x.npy,a3308_medseg_gt.npy,a3308_medseg_x.npy,a3308_rgb_gt.npy,a3308_rgb_x.npy,a3308_segvec.npy,a3308_stdrgb_x.npy
a3340_eidx.npy,a3340_histo32.npy,a3340_labels.npy,a3340_medrgb_x.npy,a3340_medseg_gt.npy,a3340_medseg_x.npy,a3340_rgb_gt.npy,a3340_rgb_x.npy,a3340_segvec.npy,a3340_stdrgb_x.npy
a3444_eidx.npy,a3444_histo32.npy,a3444_labels.npy,a3444_medrgb_x.npy,a3444_medseg_gt.npy,a3444_medseg_x.npy,a3444_rgb_gt.npy,a3444_rgb_x.npy,a3444_segvec.npy,a3444_stdrgb_x.npy
a3495_eidx.npy,a3495_histo32.npy,a3495_labels.npy,a3495_medrgb_x.npy,a3495_medseg_gt.npy,a3495_medseg_x.npy,a3495_rgb_gt.npy,a3495_rgb_x.npy,a3495_segvec.npy,a3495_stdrgb_x.npy
a3561_eidx.npy,a3561_histo32.npy,a3561_labels.npy,a3561_medrgb_x.npy,a3561_medseg_gt.npy,a3561_medseg_x.npy,a3561_rgb_gt.npy,a3561_rgb_x.npy,a3561_segvec.npy,a3561_stdrgb_x.npy
a3564_eidx.npy,a3564_histo32.npy,a3564_labels.npy,a3564_medrgb_x.npy,a3564_medseg_gt.npy,a3564_medseg_x.npy,a3564_rgb_gt.npy,a3564_rgb_x.npy,a3564_segvec.npy,a3564_stdrgb_x.npy
a3566_eidx.npy,a3566_histo32.npy,a3566_labels.npy,a3566_medrgb_x.npy,a3566_medseg_gt.npy,a3566_medseg_x.npy,a3566_rgb_gt.npy,a3566_rgb_x.npy,a3566_segvec.npy,a3566_stdrgb_x.npy
a3574_eidx.npy,a3574_histo32.npy,a3574_labels.npy,a3574_medrgb_x.npy,a3574_medseg_gt.npy,a3574_medseg_x.npy,a3574_rgb_gt.npy,a3574_rgb_x.npy,a3574_segvec.npy,a3574_stdrgb_x.npy
a3657_eidx.npy,a3657_histo32.npy,a3657_labels.npy,a3657_medrgb_x.npy,a3657_medseg_gt.npy,a3657_medseg_x.npy,a3657_rgb_gt.npy,a3657_rgb_x.npy,a3657_segvec.npy,a3657_stdrgb_x.npy
a3673_eidx.npy,a3673_histo32.npy,a3673_labels.npy,a3673_medrgb_x.npy,a3673_medseg_gt.npy,a3673_medseg_x.npy,a3673_rgb_gt.npy,a3673_rgb_x.npy,a3673_segvec.npy,a3673_stdrgb_x.npy
a3728_eidx.npy,a3728_histo32.npy,a3728_labels.npy,a3728_medrgb_x.npy,a3728_medseg_gt.npy,a3728_medseg_x.npy,a3728_rgb_gt.npy,a3728_rgb_x.npy,a3728_segvec.npy,a3728_stdrgb_x.npy
a3740_eidx.npy,a3740_histo32.npy,a3740_labels.npy,a3740_medrgb_x.npy,a3740_medseg_gt.npy,a3740_medseg_x.npy,a3740_rgb_gt.npy,a3740_rgb_x.npy,a3740_segvec.npy,a3740_stdrgb_x.npy
a3742_eidx.npy,a3742_histo32.npy,a3742_labels.npy,a3742_medrgb_x.npy,a3742_medseg_gt.npy,a3742_medseg_x.npy,a3742_rgb_gt.npy,a3742_rgb_x.npy,a3742_segvec.npy,a3742_stdrgb_x.npy
a3763_eidx.npy,a3763_histo32.npy,a3763_labels.npy,a3763_medrgb_x.npy,a3763_medseg_gt.npy,a3763_medseg_x.npy,a3763_rgb_gt.npy,a3763_rgb_x.npy,a3763_segvec.npy,a3763_stdrgb_x.npy
a3818_eidx.npy,a3818_histo32.npy,a3818_labels.npy,a3818_medrgb_x.npy,a3818_medseg_gt.npy,a3818_medseg_x.npy,a3818_rgb_gt.npy,a3818_rgb_x.npy,a3818_segvec.npy,a3818_stdrgb_x.npy
a3829_eidx.npy,a3829_histo32.npy,a3829_labels.npy,a3829_medrgb_x.npy,a3829_medseg_gt.npy,a3829_medseg_x.npy,a3829_rgb_gt.npy,a3829_rgb_x.npy,a3829_segvec.npy,a3829_stdrgb_x.npy
a3878_eidx.npy,a3878_histo32.npy,a3878_labels.npy,a3878_medrgb_x.npy,a3878_medseg_gt.npy,a3878_medseg_x.npy,a3878_rgb_gt.npy,a3878_rgb_x.npy,a3878_segvec.npy,a3878_stdrgb_x.npy
a3912_eidx.npy,a3912_histo32.npy,a3912_labels.npy,a3912_medrgb_x.npy,a3912_medseg_gt.npy,a3912_medseg_x.npy,a3912_rgb_gt.npy,a3912_rgb_x.npy,a3912_segvec.npy,a3912_stdrgb_x.npy
a3952_eidx.npy,a3952_histo32.npy,a3952_labels.npy,a3952_medrgb_x.npy,a3952_medseg_gt.npy,a3952_medseg_x.npy,a3952_rgb_gt.npy,a3952_rgb_x.npy,a3952_segvec.npy,a3952_stdrgb_x.npy
a3996_eidx.npy,a3996_histo32.npy,a3996_labels.npy,a3996_medrgb_x.npy,a3996_medseg_gt.npy,a3996_medseg_x.npy,a3996_rgb_gt.npy,a3996_rgb_x.npy,a3996_segvec.npy,a3996_stdrgb_x.npy
a4025_eidx.npy,a4025_histo32.npy,a4025_labels.npy,a4025_medrgb_x.npy,a4025_medseg_gt.npy,a4025_medseg_x.npy,a4025_rgb_gt.npy,a4025_rgb_x.npy,a4025_segvec.npy,a4025_stdrgb_x.npy
a4060_eidx.npy,a4060_histo32.npy,a4060_labels.npy,a4060_medrgb_x.npy,a4060_medseg_gt.npy,a4060_medseg_x.npy,a4060_rgb_gt.npy,a4060_rgb_x.npy,a4060_segvec.npy,a4060_stdrgb_x.npy
a4074_eidx.npy,a4074_histo32.npy,a4074_labels.npy,a4074_medrgb_x.npy,a4074_medseg_gt.npy,a4074_medseg_x.npy,a4074_rgb_gt.npy,a4074_rgb_x.npy,a4074_segvec.npy,a4074_stdrgb_x.npy
a4075_eidx.npy,a4075_histo32.npy,a4075_labels.npy,a4075_medrgb_x.npy,a4075_medseg_gt.npy,a4075_medseg_x.npy,a4075_rgb_gt.npy,a4075_rgb_x.npy,a4075_segvec.npy,a4075_stdrgb_x.npy
a4109_eidx.npy,a4109_histo32.npy,a4109_labels.npy,a4109_medrgb_x.npy,a4109_medseg_gt.npy,a4109_medseg_x.npy,a4109_rgb_gt.npy,a4109_rgb_x.npy,a4109_segvec.npy,a4109_stdrgb_x.npy
a4119_eidx.npy,a4119_histo32.npy,a4119_labels.npy,a4119_medrgb_x.npy,a4119_medseg_gt.npy,a4119_medseg_x.npy,a4119_rgb_gt.npy,a4119_rgb_x.npy,a4119_segvec.npy,a4119_stdrgb_x.npy
a4128_eidx.npy,a4128_histo32.npy,a4128_labels.npy,a4128_medrgb_x.npy,a4128_medseg_gt.npy,a4128_medseg_x.npy,a4128_rgb_gt.npy,a4128_rgb_x.npy,a4128_segvec.npy,a4128_stdrgb_x.npy
a4129_eidx.npy,a4129_histo32.npy,a4129_labels.npy,a4129_medrgb_x.npy,a4129_medseg_gt.npy,a4129_medseg_x.npy,a4129_rgb_gt.npy,a4129_rgb_x.npy,a4129_segvec.npy,a4129_stdrgb_x.npy
a4186_eidx.npy,a4186_histo32.npy,a4186_labels.npy,a4186_medrgb_x.npy,a4186_medseg_gt.npy,a4186_medseg_x.npy,a4186_rgb_gt.npy,a4186_rgb_x.npy,a4186_segvec.npy,a4186_stdrgb_x.npy
a4203_eidx.npy,a4203_histo32.npy,a4203_labels.npy,a4203_medrgb_x.npy,a4203_medseg_gt.npy,a4203_medseg_x.npy,a4203_rgb_gt.npy,a4203_rgb_x.npy,a4203_segvec.npy,a4203_stdrgb_x.npy
a4210_eidx.npy,a4210_histo32.npy,a4210_labels.npy,a4210_medrgb_x.npy,a4210_medseg_gt.npy,a4210_medseg_x.npy,a4210_rgb_gt.npy,a4210_rgb_x.npy,a4210_segvec.npy,a4210_stdrgb_x.npy
a4223_eidx.npy,a4223_histo32.npy,a4223_labels.npy,a4223_medrgb_x.npy,a4223_medseg_gt.npy,a4223_medseg_x.npy,a4223_rgb_gt.npy,a4223_rgb_x.npy,a4223_segvec.npy,a4223_stdrgb_x.npy
a4235_eidx.npy,a4235_histo32.npy,a4235_labels.npy,a4235_medrgb_x.npy,a4235_medseg_gt.npy,a4235_medseg_x.npy,a4235_rgb_gt.npy,a4235_rgb_x.npy,a4235_segvec.npy,a4235_stdrgb_x.npy
a4246_eidx.npy,a4246_histo32.npy,a4246_labels.npy,a4246_medrgb_x.npy,a4246_medseg_gt.npy,a4246_medseg_x.npy,a4246_rgb_gt.npy,a4246_rgb_x.npy,a4246_segvec.npy,a4246_stdrgb_x.npy
a4259_eidx.npy,a4259_histo32.npy,a4259_labels.npy,a4259_medrgb_x.npy,a4259_medseg_gt.npy,a4259_medseg_x.npy,a4259_rgb_gt.npy,a4259_rgb_x.npy,a4259_segvec.npy,a4259_stdrgb_x.npy
a4300_eidx.npy,a4300_histo32.npy,a4300_labels.npy,a4300_medrgb_x.npy,a4300_medseg_gt.npy,a4300_medseg_x.npy,a4300_rgb_gt.npy,a4300_rgb_x.npy,a4300_segvec.npy,a4300_stdrgb_x.npy
a4304_eidx.npy,a4304_histo32.npy,a4304_labels.npy,a4304_medrgb_x.npy,a4304_medseg_gt.npy,a4304_medseg_x.npy,a4304_rgb_gt.npy,a4304_rgb_x.npy,a4304_segvec.npy,a4304_stdrgb_x.npy
a4321_eidx.npy,a4321_histo32.npy,a4321_labels.npy,a4321_medrgb_x.npy,a4321_medseg_gt.npy,a4321_medseg_x.npy,a4321_rgb_gt.npy,a4321_rgb_x.npy,a4321_segvec.npy,a4321_stdrgb_x.npy
a4323_eidx.npy,a4323_histo32.npy,a4323_labels.npy,a4323_medrgb_x.npy,a4323_medseg_gt.npy,a4323_medseg_x.npy,a4323_rgb_gt.npy,a4323_rgb_x.npy,a4323_segvec.npy,a4323_stdrgb_x.npy
a4328_eidx.npy,a4328_histo32.npy,a4328_labels.npy,a4328_medrgb_x.npy,a4328_medseg_gt.npy,a4328_medseg_x.npy,a4328_rgb_gt.npy,a4328_rgb_x.npy,a4328_segvec.npy,a4328_stdrgb_x.npy
a4352_eidx.npy,a4352_histo32.npy,a4352_labels.npy,a4352_medrgb_x.npy,a4352_medseg_gt.npy,a4352_medseg_x.npy,a4352_rgb_gt.npy,a4352_rgb_x.npy,a4352_segvec.npy,a4352_stdrgb_x.npy
a4360_eidx.npy,a4360_histo32.npy,a4360_labels.npy,a4360_medrgb_x.npy,a4360_medseg_gt.npy,a4360_medseg_x.npy,a4360_rgb_gt.npy,a4360_rgb_x.npy,a4360_segvec.npy,a4360_stdrgb_x.npy
a4370_eidx.npy,a4370_histo32.npy,a4370_labels.npy,a4370_medrgb_x.npy,a4370_medseg_gt.npy,a4370_medseg_x.npy,a4370_rgb_gt.npy,a4370_rgb_x.npy,a4370_segvec.npy,a4370_stdrgb_x.npy
a4390_eidx.npy,a4390_histo32.npy,a4390_labels.npy,a4390_medrgb_x.npy,a4390_medseg_gt.npy,a4390_medseg_x.npy,a4390_rgb_gt.npy,a4390_rgb_x.npy,a4390_segvec.npy,a4390_stdrgb_x.npy
a4414_eidx.npy,a4414_histo32.npy,a4414_labels.npy,a4414_medrgb_x.npy,a4414_medseg_gt.npy,a4414_medseg_x.npy,a4414_rgb_gt.npy,a4414_rgb_x.npy,a4414_segvec.npy,a4414_stdrgb_x.npy
a4444_eidx.npy,a4444_histo32.npy,a4444_labels.npy,a4444_medrgb_x.npy,a4444_medseg_gt.npy,a4444_medseg_x.npy,a4444_rgb_gt.npy,a4444_rgb_x.npy,a4444_segvec.npy,a4444_stdrgb_x.npy
a4452_eidx.npy,a4452_histo32.npy,a4452_labels.npy,a4452_medrgb_x.npy,a4452_medseg_gt.npy,a4452_medseg_x.npy,a4452_rgb_gt.npy,a4452_rgb_x.npy,a4452_segvec.npy,a4452_stdrgb_x.npy
a4456_eidx.npy,a4456_histo32.npy,a4456_labels.npy,a4456_medrgb_x.npy,a4456_medseg_gt.npy,a4456_medseg_x.npy,a4456_rgb_gt.npy,a4456_rgb_x.npy,a4456_segvec.npy,a4456_stdrgb_x.npy
a4459_eidx.npy,a4459_histo32.npy,a4459_labels.npy,a4459_medrgb_x.npy,a4459_medseg_gt.npy,a4459_medseg_x.npy,a4459_rgb_gt.npy,a4459_rgb_x.npy,a4459_segvec.npy,a4459_stdrgb_x.npy
a4461_eidx.npy,a4461_histo32.npy,a4461_labels.npy,a4461_medrgb_x.npy,a4461_medseg_gt.npy,a4461_medseg_x.npy,a4461_rgb_gt.npy,a4461_rgb_x.npy,a4461_segvec.npy,a4461_stdrgb_x.npy
a4464_eidx.npy,a4464_histo32.npy,a4464_labels.npy,a4464_medrgb_x.npy,a4464_medseg_gt.npy,a4464_medseg_x.npy,a4464_rgb_gt.npy,a4464_rgb_x.npy,a4464_segvec.npy,a4464_stdrgb_x.npy
a4469_eidx.npy,a4469_histo32.npy,a4469_labels.npy,a4469_medrgb_x.npy,a4469_medseg_gt.npy,a4469_medseg_x.npy,a4469_rgb_gt.npy,a4469_rgb_x.npy,a4469_segvec.npy,a4469_stdrgb_x.npy
a4479_eidx.npy,a4479_histo32.npy,a4479_labels.npy,a4479_medrgb_x.npy,a4479_medseg_gt.npy,a4479_medseg_x.npy,a4479_rgb_gt.npy,a4479_rgb_x.npy,a4479_segvec.npy,a4479_stdrgb_x.npy
a4506_eidx.npy,a4506_histo32.npy,a4506_labels.npy,a4506_medrgb_x.npy,a4506_medseg_gt.npy,a4506_medseg_x.npy,a4506_rgb_gt.npy,a4506_rgb_x.npy,a4506_segvec.npy,a4506_stdrgb_x.npy
a4525_eidx.npy,a4525_histo32.npy,a4525_labels.npy,a4525_medrgb_x.npy,a4525_medseg_gt.npy,a4525_medseg_x.npy,a4525_rgb_gt.npy,a4525_rgb_x.npy,a4525_segvec.npy,a4525_stdrgb_x.npy
a4530_eidx.npy,a4530_histo32.npy,a4530_labels.npy,a4530_medrgb_x.npy,a4530_medseg_gt.npy,a4530_medseg_x.npy,a4530_rgb_gt.npy,a4530_rgb_x.npy,a4530_segvec.npy,a4530_stdrgb_x.npy
a4535_eidx.npy,a4535_histo32.npy,a4535_labels.npy,a4535_medrgb_x.npy,a4535_medseg_gt.npy,a4535_medseg_x.npy,a4535_rgb_gt.npy,a4535_rgb_x.npy,a4535_segvec.npy,a4535_stdrgb_x.npy
a4538_eidx.npy,a4538_histo32.npy,a4538_labels.npy,a4538_medrgb_x.npy,a4538_medseg_gt.npy,a4538_medseg_x.npy,a4538_rgb_gt.npy,a4538_rgb_x.npy,a4538_segvec.npy,a4538_stdrgb_x.npy
a4543_eidx.npy,a4543_histo32.npy,a4543_labels.npy,a4543_medrgb_x.npy,a4543_medseg_gt.npy,a4543_medseg_x.npy,a4543_rgb_gt.npy,a4543_rgb_x.npy,a4543_segvec.npy,a4543_stdrgb_x.npy
a4545_eidx.npy,a4545_histo32.npy,a4545_labels.npy,a4545_medrgb_x.npy,a4545_medseg_gt.npy,a4545_medseg_x.npy,a4545_rgb_gt.npy,a4545_rgb_x.npy,a4545_segvec.npy,a4545_stdrgb_x.npy
a4551_eidx.npy,a4551_histo32.npy,a4551_labels.npy,a4551_medrgb_x.npy,a4551_medseg_gt.npy,a4551_medseg_x.npy,a4551_rgb_gt.npy,a4551_rgb_x.npy,a4551_segvec.npy,a4551_stdrgb_x.npy
a4609_eidx.npy,a4609_histo32.npy,a4609_labels.npy,a4609_medrgb_x.npy,a4609_medseg_gt.npy,a4609_medseg_x.npy,a4609_rgb_gt.npy,a4609_rgb_x.npy,a4609_segvec.npy,a4609_stdrgb_x.npy
a4611_eidx.npy,a4611_histo32.npy,a4611_labels.npy,a4611_medrgb_x.npy,a4611_medseg_gt.npy,a4611_medseg_x.npy,a4611_rgb_gt.npy,a4611_rgb_x.npy,a4611_segvec.npy,a4611_stdrgb_x.npy
a4651_eidx.npy,a4651_histo32.npy,a4651_labels.npy,a4651_medrgb_x.npy,a4651_medseg_gt.npy,a4651_medseg_x.npy,a4651_rgb_gt.npy,a4651_rgb_x.npy,a4651_segvec.npy,a4651_stdrgb_x.npy
a4676_eidx.npy,a4676_histo32.npy,a4676_labels.npy,a4676_medrgb_x.npy,a4676_medseg_gt.npy,a4676_medseg_x.npy,a4676_rgb_gt.npy,a4676_rgb_x.npy,a4676_segvec.npy,a4676_stdrgb_x.npy
a4677_eidx.npy,a4677_histo32.npy,a4677_labels.npy,a4677_medrgb_x.npy,a4677_medseg_gt.npy,a4677_medseg_x.npy,a4677_rgb_gt.npy,a4677_rgb_x.npy,a4677_segvec.npy,a4677_stdrgb_x.npy
a4687_eidx.npy,a4687_histo32.npy,a4687_labels.npy,a4687_medrgb_x.npy,a4687_medseg_gt.npy,a4687_medseg_x.npy,a4687_rgb_gt.npy,a4687_rgb_x.npy,a4687_segvec.npy,a4687_stdrgb_x.npy
a4720_eidx.npy,a4720_histo32.npy,a4720_labels.npy,a4720_medrgb_x.npy,a4720_medseg_gt.npy,a4720_medseg_x.npy,a4720_rgb_gt.npy,a4720_rgb_x.npy,a4720_segvec.npy,a4720_stdrgb_x.npy
a4735_eidx.npy,a4735_histo32.npy,a4735_labels.npy,a4735_medrgb_x.npy,a4735_medseg_gt.npy,a4735_medseg_x.npy,a4735_rgb_gt.npy,a4735_rgb_x.npy,a4735_segvec.npy,a4735_stdrgb_x.npy
a4749_eidx.npy,a4749_histo32.npy,a4749_labels.npy,a4749_medrgb_x.npy,a4749_medseg_gt.npy,a4749_medseg_x.npy,a4749_rgb_gt.npy,a4749_rgb_x.npy,a4749_segvec.npy,a4749_stdrgb_x.npy
a4756_eidx.npy,a4756_histo32.npy,a4756_labels.npy,a4756_medrgb_x.npy,a4756_medseg_gt.npy,a4756_medseg_x.npy,a4756_rgb_gt.npy,a4756_rgb_x.npy,a4756_segvec.npy,a4756_stdrgb_x.npy
a4760_eidx.npy,a4760_histo32.npy,a4760_labels.npy,a4760_medrgb_x.npy,a4760_medseg_gt.npy,a4760_medseg_x.npy,a4760_rgb_gt.npy,a4760_rgb_x.npy,a4760_segvec.npy,a4760_stdrgb_x.npy
a4772_eidx.npy,a4772_histo32.npy,a4772_labels.npy,a4772_medrgb_x.npy,a4772_medseg_gt.npy,a4772_medseg_x.npy,a4772_rgb_gt.npy,a4772_rgb_x.npy,a4772_segvec.npy,a4772_stdrgb_x.npy
a4789_eidx.npy,a4789_histo32.npy,a4789_labels.npy,a4789_medrgb_x.npy,a4789_medseg_gt.npy,a4789_medseg_x.npy,a4789_rgb_gt.npy,a4789_rgb_x.npy,a4789_segvec.npy,a4789_stdrgb_x.npy
a4805_eidx.npy,a4805_histo32.npy,a4805_labels.npy,a4805_medrgb_x.npy,a4805_medseg_gt.npy,a4805_medseg_x.npy,a4805_rgb_gt.npy,a4805_rgb_x.npy,a4805_segvec.npy,a4805_stdrgb_x.npy
a4811_eidx.npy,a4811_histo32.npy,a4811_labels.npy,a4811_medrgb_x.npy,a4811_medseg_gt.npy,a4811_medseg_x.npy,a4811_rgb_gt.npy,a4811_rgb_x.npy,a4811_segvec.npy,a4811_stdrgb_x.npy
a4841_eidx.npy,a4841_histo32.npy,a4841_labels.npy,a4841_medrgb_x.npy,a4841_medseg_gt.npy,a4841_medseg_x.npy,a4841_rgb_gt.npy,a4841_rgb_x.npy,a4841_segvec.npy,a4841_stdrgb_x.npy
a4848_eidx.npy,a4848_histo32.npy,a4848_labels.npy,a4848_medrgb_x.npy,a4848_medseg_gt.npy,a4848_medseg_x.npy,a4848_rgb_gt.npy,a4848_rgb_x.npy,a4848_segvec.npy,a4848_stdrgb_x.npy
a4866_eidx.npy,a4866_histo32.npy,a4866_labels.npy,a4866_medrgb_x.npy,a4866_medseg_gt.npy,a4866_medseg_x.npy,a4866_rgb_gt.npy,a4866_rgb_x.npy,a4866_segvec.npy,a4866_stdrgb_x.npy
a4870_eidx.npy,a4870_histo32.npy,a4870_labels.npy,a4870_medrgb_x.npy,a4870_medseg_gt.npy,a4870_medseg_x.npy,a4870_rgb_gt.npy,a4870_rgb_x.npy,a4870_segvec.npy,a4870_stdrgb_x.npy
a4871_eidx.npy,a4871_histo32.npy,a4871_labels.npy,a4871_medrgb_x.npy,a4871_medseg_gt.npy,a4871_medseg_x.npy,a4871_rgb_gt.npy,a4871_rgb_x.npy,a4871_segvec.npy,a4871_stdrgb_x.npy
a4883_eidx.npy,a4883_histo32.npy,a4883_labels.npy,a4883_medrgb_x.npy,a4883_medseg_gt.npy,a4883_medseg_x.npy,a4883_rgb_gt.npy,a4883_rgb_x.npy,a4883_segvec.npy,a4883_stdrgb_x.npy
a4891_eidx.npy,a4891_histo32.npy,a4891_labels.npy,a4891_medrgb_x.npy,a4891_medseg_gt.npy,a4891_medseg_x.npy,a4891_rgb_gt.npy,a4891_rgb_x.npy,a4891_segvec.npy,a4891_stdrgb_x.npy
a4897_eidx.npy,a4897_histo32.npy,a4897_labels.npy,a4897_medrgb_x.npy,a4897_medseg_gt.npy,a4897_medseg_x.npy,a4897_rgb_gt.npy,a4897_rgb_x.npy,a4897_segvec.npy,a4897_stdrgb_x.npy
a4902_eidx.npy,a4902_histo32.npy,a4902_labels.npy,a4902_medrgb_x.npy,a4902_medseg_gt.npy,a4902_medseg_x.npy,a4902_rgb_gt.npy,a4902_rgb_x.npy,a4902_segvec.npy,a4902_stdrgb_x.npy
a4903_eidx.npy,a4903_histo32.npy,a4903_labels.npy,a4903_medrgb_x.npy,a4903_medseg_gt.npy,a4903_medseg_x.npy,a4903_rgb_gt.npy,a4903_rgb_x.npy,a4903_segvec.npy,a4903_stdrgb_x.npy
a4914_eidx.npy,a4914_histo32.npy,a4914_labels.npy,a4914_medrgb_x.npy,a4914_medseg_gt.npy,a4914_medseg_x.npy,a4914_rgb_gt.npy,a4914_rgb_x.npy,a4914_segvec.npy,a4914_stdrgb_x.npy
a4927_eidx.npy,a4927_histo32.npy,a4927_labels.npy,a4927_medrgb_x.npy,a4927_medseg_gt.npy,a4927_medseg_x.npy,a4927_rgb_gt.npy,a4927_rgb_x.npy,a4927_segvec.npy,a4927_stdrgb_x.npy
a4954_eidx.npy,a4954_histo32.npy,a4954_labels.npy,a4954_medrgb_x.npy,a4954_medseg_gt.npy,a4954_medseg_x.npy,a4954_rgb_gt.npy,a4954_rgb_x.npy,a4954_segvec.npy,a4954_stdrgb_x.npy
a4962_eidx.npy,a4962_histo32.npy,a4962_labels.npy,a4962_medrgb_x.npy,a4962_medseg_gt.npy,a4962_medseg_x.npy,a4962_rgb_gt.npy,a4962_rgb_x.npy,a4962_segvec.npy,a4962_stdrgb_x.npy
a4965_eidx.npy,a4965_histo32.npy,a4965_labels.npy,a4965_medrgb_x.npy,a4965_medseg_gt.npy,a4965_medseg_x.npy,a4965_rgb_gt.npy,a4965_rgb_x.npy,a4965_segvec.npy,a4965_stdrgb_x.npy
a4974_eidx.npy,a4974_histo32.npy,a4974_labels.npy,a4974_medrgb_x.npy,a4974_medseg_gt.npy,a4974_medseg_x.npy,a4974_rgb_gt.npy,a4974_rgb_x.npy,a4974_segvec.npy,a4974_stdrgb_x.npy
a4975_eidx.npy,a4975_histo32.npy,a4975_labels.npy,a4975_medrgb_x.npy,a4975_medseg_gt.npy,a4975_medseg_x.npy,a4975_rgb_gt.npy,a4975_rgb_x.npy,a4975_segvec.npy,a4975_stdrgb_x.npy
a4977_eidx.npy,a4977_histo32.npy,a4977_labels.npy,a4977_medrgb_x.npy,a4977_medseg_gt.npy,a4977_medseg_x.npy,a4977_rgb_gt.npy,a4977_rgb_x.npy,a4977_segvec.npy,a4977_stdrgb_x.npy
a4991_eidx.npy,a4991_histo32.npy,a4991_labels.npy,a4991_medrgb_x.npy,a4991_medseg_gt.npy,a4991_medseg_x.npy,a4991_rgb_gt.npy,a4991_rgb_x.npy,a4991_segvec.npy,a4991_stdrgb_x.npy
